Name,Gender,Count,Probability
James,M,5304407,0.014516787
John,M,5260831,0.01439753
Robert,M,4970386,0.013602658
Michael,M,4579950,0.012534136
William,M,4226608,0.01156713
Mary,F,4169663,0.011411287
David,M,3787547,0.010365534
Joseph,M,2695970,0.007378171
Richard,M,2638187,0.007220034
Charles,M,2433540,0.006659968